ID_GodotObject,tags
2000120059197,"Coronavirus,Tagesüberblick,Ampelschaltung,Gastronomie,Sozialkontakt,Salzburg,Eisenstadt,Österreich,Wien,Dänemark"
2000120089418,"Corona-Pandemie,Wiener Ballsaison,Wiener Opernball,Teststraße,Tagesüberblick,Neuinfektion,Coronavirus,Coronamaßnahme,Maskenpflicht,Virus,Wien,Österreich,Madrid,Ernst-Happel-Stadion,Michael Ludwig,Christine Aschbacher"
2000122402488,"Maskenpflicht,Silvesterfeiern,Tagesüberblick,Christtag,Ausgangsbeschränkung,Arbeitsplatz,Coronavirus,Haushalt,Todesfall,COVID-19,Wien,Österreich"
2000120100164,"Sperrstunde,Maskenpflicht,Regelpaket,COVID-19,Coronavirus,Gastronomie,ÖVP,Rudolf Anschober,Sebastian Kurz,Karl Nehammer"
2000122440975,"Testbeteiligung,Tagesüberblick,Massentest,Anreizsystem,Virus,Todesfall,Coronavirus,Neuinfektion,Impfung,Wien,Österreich,Deutschland,USA"
2000122442386,"Weihnachten,Coronavirus,Werktag,Virus,Massentest,Apotheke,Wien,Tirol,Vorarlberg,Kärnten,Salzburg,Niederösterreich,Steiermark,Oberösterreich,Burgenland,Ernst-Happel-Stadion,ÖVP,Bundesregierung,Sebastian Kurz,Werner Kogler"
2000120115898,"Wiener Ballsaison,Corona-Pandemie,Coronavirus,Neuinfektion,Fallzahl,Tagesüberblick,Höchstwert,Wien,Österreich,Ernst-Happel-Stadion,Rudolf Anschober,Michael Ludwig,Christine Aschbacher"
2000120124979,"Coronavirus,Intensivstation,SARS-CoV-2,COVID-19,Österreich,Wien,BMG,ÖVP,Polizei,Sebastian Kurz"
2000120132000,"Veranstaltungsbegrenzung,Schutzmaßnahme,COVID-19,Maskenpflicht,Verschärfung,SARS-CoV-2,Coronavirus,Österreich,BMG,Job Im"
2000120135831,"COVID-19,SARS-CoV-2,Freizeitaktivität,Coronavirus,Gesundheitsverbund,Wien,Österreich,Burgenland,Kärnten,Kroatien,Türkei,EMS,Klinik Hietzing,Rudolf Anschober"
2000120137622,"Neuinfektion,Arztpraxis,Coronavirus,COVID-19,Corona-Krise,Wien,Österreich,Niederösterreich,Tschechien,Reichenau an der Rax,München,ÖVP,ČTK,Roman Prymula,Karl Nehammer,Susanne Raab,Irmgard Lechner,Miloš Zeman,Andrej Babiš"
2000127383081,"Corona-Pandemie,Pandemie,Infektionszahl,Eva Schernhammer"
2000122479006,"Maskenpflicht,Coronainformation,Initiative,COVID-19,Coronavirus,Maskentrage,Musterklage,Obersteiermark,Michaela Hämmerle"
2000118224502,"Coronavirus,COVID-19,Infizierte,Pandemie,Infektionszahl,Virus,Todesfall,Schutzimpfung,Corona-Krise,Viruserkrankung,Rekordanstieg,Schlachthof,China,Österreich,Brasilien,Deutschland,Frankreich,Südamerika,USA,Mexiko,Südkorea,Nordrhein-Westfalen,Slowenien,Wien,EU,Weltgesundheitsorganisation,RKI,WHO,Harvard,Twitter,ÖVP,Li Keqiang,Rudolf Anschober,Emmanuel Macron,Alexander Schallenberg,Ursula von der Leyen,Charles Michel,Xi Jinping,Eric Feigl-Ding,Hans-Peter Hutter,Michaela Pfadenhauer"
2000122526777,"Impfstart,Impfung,Tagesüberblick,Coronavirus,Virus,Todesfall,Österreich,Wien,Deutschland,Niederösterreich,BioNTech,ÖVP,Pfizer,SPÖ,Sebastian Kurz"
2000127489680,"Maskenpflicht,Sperrstunde,Gastronomie,Begrenzung,Öffnungsschritt,Reisebüro,Österreich,Öffi,ÖVP,Elisabeth Köstinger,Sebastian Kurz,Andrea Mayer"
2000120217222,"COVID-19,Coronavirus,Reisewarnung,Wien,Prag,Österreich,Frankreich,Tirol,Côte d'Azur,Andorra,Argentinien,Bahrain,Kuwait,Costa Rica,Malediven,Portugal,Lissabon,Ischgl,Deutschland,Vorarlberg,ÖVP,AA,Günther Platter,Michael Ludwig,Peter Kolba,Margarete Schramböck"
2000122568683,"Weihnachten,Coronavirus,Tagesüberblick,Todesfall,Impfung,Regierungsplan,Österreich,Wien,Frankreich,EU,ÖVP,BioNTech,Pfizer,Ursula von der Leyen,Sebastian Kurz,Emmanuel Macron"
2000125219409,"Ostern,Selbsttest,Zuwachs,COVID-19,Schnelltest,Infektionsgeschehen,Osterferien,Wien,Österreich,Niederösterreich,Oberösterreich,Steiermark,Salzburg,Kärnten,Burgenland,Tirol,Vorarlberg,APA,BMBF,ÖVP,Ö1,Gerald Gartlehner,Heinz Faßmann,Pamela Rendi-Wagner,Niki Popper"
2000127634712,"Coronavirus,Warnsignal,Ausbruch,Virus,Auslandsreise,Israel,Flughafen Ben Gurion,Indien,Naftali Bennett"
2000120438753,"Maskenpflicht,Fahrzeug,COVID-19,SARS-CoV-2,Wien,Erdberg,Bundesregierung,Medizinische Universität Wien,Hans-Peter Hutter"
2000125301517,"Ostern,Gründonnerstag,Weihnachten,Zugangstest,Tagesüberblick,Fernunterricht,Ausgangsbeschränkung,Osterdienstag,Coronavirus,Ostregion,Pendler,Wien,Österreich,Deutschland,Niederösterreich,Burgenland,Ostösterreich,Schwaz,Tirol,Neunkirchen,Angela Merkel"
2000114365338,"Virus,Verdachtsfall,Informationspolitik,Rückholaktion,Transport,Lebensmittel,Todesfall,Coronavirus,China,Österreich,Wuhan,Peking,Shanghai,Großbritannien,Wien,Yokohama,Brighton,Suzhou,Kyushu,Barcelona,AT&S,BMG,Airbnb,Amazon,Global Times,BBC,Weltgesundheitsorganisation,WHO,Daimler,Ford Motor,VW,Nissan,Bernhard Benka,Ma Jun,Wu Fan,Wolfgang Chmelir,Diamond Princess"
2000120477720,"Tagesüberblick,Coronavirus,Maskenpflicht,COVID-19,Wahlkampf,Digitalisierung,Italien,Wien,Österreich,Paris,Steyr,Tschechien,Brooklyn,ÖVP,EU,Bundesregierung,Twitter,Donald Trump,Sebastian Kurz,Werner Kogler,Ursula von der Leyen,Margarete Schramböck"
2000120510206,"Infektionszahl,Sperrstunde,Neuinfektion,Tagesüberblick,Gastronomie,Coronavirus,Österreich,Berlin,Rumänien,Wien,ÖVP,Bundesregierung,Leonore Gewessler,Herrmann Schützenhöfer,Hermann Schützenhöfer,Sebastian Kurz"
2000127830758,"Pandemiebekämpfung,Mückstein,Impfung,Pandemie,Pressefoyer,Coronavirus,Öffnungsschritt,Österreich,ÖVP,Sebastian Kurz,Werner Kogler"
2000120816680,"Tennengau,Maskenpflicht,COVID-19,Verschärfung,Veranstaltungsverbot,Coronavirus,Salzburg,Slowenien,Kuchl,Wien,Österreich,Tirol,Vorarlberg,BMG,BMBF,Donald Trump"
2000127874486,"Urlaubsreise,Griechenland,Wien,Athen,EU"
2000120833582,"Expertenkommission,Coronavirus,Ischgl,Tirol,Tschechien,Wien,Österreich,Niederösterreich,Oberösterreich,Salzburg,Kuchl,BMG,ÖVP,Ronald Rohrer,Sebastian Kurz,Anthony Fauci"
2000118306572,"Corona-Pandemie,Hygienegrundregel,Coronavirus,Verhaltenstipp,Virus,FSME,Österreich,Mallorca,Lombardei,Ischgl,Seoul,Südkorea,Öffi,AA,BMG,Rudolf Anschober,Herwig Kollaritsch,Maria Ecker"
2000125452514,"Virusmutation,Tagesüberblick,Impfstoff,Sputnik,Coronavirus,Neuinfektion,Österreich,Deutschland,Russland,Wien,Italien,AstraZeneca,EU,Bundesrat"
2000125458745,"Maskenpflicht,Zutrittstest,Testmöglichkeit,Gewerkschaftsbund,Einlasskontrolle,Coronavirus,Osterruhe,Österreichischer Gewerkschaftsbund,Ö1,Ingrid Reischl"
2000125460631,"Eintrittstest,Coronavirus,Rückschritt,Pandemie,Virus,Wien,Eisenstadt,Niederösterreich,Burgenland,Österreich,Bundesrat,FPÖ,SPÖ,ÖVP,Pamela Rendi-Wagner,Rudolf Anschober,Hans Peter Doskozil,Michael Ludwig,Günther Platter,Johanna Mikl-Leitner"
2000128070755,"Ampelkommission,Wahrscheinlichkeit,Wiedereinsetzung,Konsortium,Infektionsanstieg,Durchimpfungsrate,Coronavirus,Vollimmunisierung,Wiedereinführung,Österreich,Großbritannien,Wien,APA,ORF,ÖVP,Monika Redlberger-Fritz,Sebastian Kurz"
2000121019357,"Maskenpflicht,Impfung,Coronavirus,Outdoor,Getränke,Ausgangssperre,Tschechien,Slowenien,Wales,Kreuz,Deutschland,Bundesregierung,Gerry Foitik"
2000121028245,"Coronavirus,Personenbeschränkung,Konsumverbot,Outdoor,Regierungsspitze,Videokonferenz,Gastronomie,Europa,Österreich,Salzburg,ÖVP,Sebastian Kurz,Werner Kogler,Rudolf Anschober"
2000122693355,"COVID-19,Hauptausschuss,Testpflicht,Sozialministerium,Freitestungsphase,Österreich,Bundesrat"
2000121095270,"Corona-Pandemie,Pflegeheim,Ampelsystem,Bundesländerübersicht,Leitfaden,Registrierung,SARS-CoV-2,COVID-19,Coronavirus,Heim,Wien,Niederösterreich,Österreich,Burgenland,Oberösterreich,Salzburg,Steiermark,Kärnten,Tirol,Wels,Markus Mattersberger"
2000121106282,"Getränke,Sperrstunde,Maßnahmenpaket,Alkohol,Fußgängerpassage,Coronavirus,Seniorenheim,Paragraf,Gastronomie,ÖVP,Rudolf Anschober,Sebastian Kurz"
2000128221499,"Mückstein,Registrierungspflicht,Coronavirus,Gastronomie,Vollimmunisierung,Österreich,Wien,ÖVP,Johnson & Johnson,EU-Kommission,BMG,Elisabeth Köstinger,Sebastian Kurz,Thomas Szekeres"
2000121161989,"Veranstaltungsverbot,Ampelkommission,Herbstferien,Virus,COVID-19,Österreich,Salzburg,Europa,Burgenland,Brasilien,USA,Indien,Italien,Ungarn,Deutschland,Tschechien,ÖVP,Rudolf Anschober,Daniela Schmid,Wilfried Haslauer"
2000122736430,"Impfbeginn,Tagesüberblick,Neuinfektion,Coronavirus,Schutzschirm,Impfstart,Österreich,ÖVP,BMBF,Elisabeth Köstinger,Andrea Mayer,Sebastian Kurz,Rudolf Anschober"
2000121165556,"Maskenpflicht,Gastronomie,Pandemie,Coronavirus,Outdoor,Getränke,Präventionskonzept,Salzburg,Vorarlberg,Tirol,Wien,Oberösterreich,Niederösterreich"
2000128312219,"Begräbnis,Maskenpflicht,COVID-19,Coronavirus,Verfassungsgerichtshof,Beschwerde,Tirol,Niederösterreich,Kufstein,Schwaz,BMG"
2000122746478,"Maskenpflicht,Verfassungsgerichtshof,Schulgebäude,Klassenteilung,Höchstgericht,Coronavirus,Pandemie,Entscheidungsgrundlage,BMBF,APA"
2000118399621,"Mindestabstand,Besuchsregel,Coronavirus,Pflegeheim,Virus,Corona-Krise,Abstandsregel,Gastronomie,Wien,Österreich,Kanada,Serbien,Australien,Japan,Südkorea,USA,Brasilien,Russland,Öffi,EU,APA,SPÖ,Monika Redlberger-Fritz,Peter Hacker,Rudolf Anschober"
2000122768740,"Impfung,Tagesüberblick,COVID-19,Coronavirus,Österreich,Wien,ÖVP,BMBF,Sebastian Kurz,Elisabeth Köstinger,Andrea Mayer"
2000116189812,"Corona-Pandemie,Ostern,Szenarium,COVID-19,Coronavirus,Wien,Forsch,Österreich,China,Italien,Technisch Universität Wien,Niki Popper,Norbert J. Mauser,J. Mauser"
2000115059032,"Maskenpflicht,Coronavirus,SARS-CoV-2,Mundschutzmaske,Papierprodukt,Ritterrüstung"
2000122789852,"Skigebiet,Auto,Gedrängel,Gastronomie,Getränke,Steiermark,Oberösterreich,Kärnten,Niederösterreich,Damüls,Semmering,Hinterstoder,Vorarlberg,Salzburg,Schladming,Hauser-Kaibling,St. Jakob,Flachau,Bregenzerwald,Ankogel-Mallnitz,Mölltaler Gletscher,Ossiacher See,Polizei,APA,Helmut Holzinger,Erich Egger,Andreas Gapp,Manuel Kapeller-Hopfgartner,Isabella Hinterleitner"
2000121201027,"COVID-19,Coronavirus,Gesundheitsbehörde,Rechtsextremismus,Wien,Polizei,Twitter,Michael Bonvalot"
2000116305030,"Donauinselfest,Coronavirus,Maskenpflicht,Virus,Österreich,Niederösterreich,USA,Homeoffice,Wien,New York,Rumänien,Bulgarien,BMG,Ages Maut System,Sebastian Kurz,Rudolf Anschober,Karl Nehammer"
2000118477021,"Corona-Pandemie,Reproduktionszahl,Neuinfektion,Pflegeheim,COVID-19,Rekordwert,Maskenpflicht,Corona-Krise,Mittagsjournal,Virus,Österreich,England,USA,Linz,Israel,Oberösterreich,Wien,Wien-Liesing,London,Ö1,Polizei,ÖVP,SPÖ,Scotland Yard,Rudolf Anschober,Donald Trump,Klaus Luger,Benjamin Netanjahu,Thomas Stelzer,Greg Abbott,Cressida Dick"
2000116325081,"Ostern,Coronavirus,Freistellung,Risikogruppe,Eindämmung,Maske,ÖVP,Bundesregierung,Polizei,Rudolf Anschober,Sebastian Kurz,Karl Nehammer,Werner Kogler"
2000121243021,"Gartenhütte,Sitzplatz,Coronavirus,COVID-19,Virus,Privatbereich,Oberösterreich,Stadeln,Steiermark,ÖVP,FPÖ,Facebook,Thomas Stelzer,Hermann Schützenhöfer,Manfred Haimbuchner,Rudolf Anschober"
2000116346340,"Ostern,Maskenpflicht,Supermarkt,COVID-19,Coronavirus,Quarantäne,Österreich,Salzburg,Altenmarkt,Zell am See,Saalbach,Tirol,Niederösterreich,Oberösterreich,Wien,Steiermark,Vorarlberg,Kärnten,Burgenland,Ischgl,BMG,Corona,ÖVP,Medizinische Universität Innsbruck,Ages Maut System,Günther Platter,Heinz Faßmann"
2000116371728,"Coronavirus-Pandemie,Maskenpflicht,Testung,Coronavirus,Virus,Gesichtsmaske,Österreich,Italien,Spanien,BMG,Clemens Auer,Clemens Martin Auer,Rudolf Anschober"
2000125971598,"Storchenfeier,Strafhöhe,Geldstrafe,Verwaltungsstrafverfahren,Coronavirus,Steinhaus,Wels-Land,FPÖ,Manfred Haimbuchner"
2000122890413,"Corona-Pandemie,Silvesterabend,Silvesterfeier,Sanktion,Ordnungskraft,Auto,Coronavirus,Frankreich,Rennes,Ille-et-Vilaine,Twitter,AFP,Gerald Darmanin"
2000118515746,"Corona-Pandemie,Coronavirus,Schlachthof,Maskenpflicht,COVID-19,Infizierte,Neuinfektion,Amtsgebäude,Virus,Großbetrieb,SARS-CoV-2,Todesfall,Tirol,Oberösterreich,Österreich,Wels-Land,Braunau,Linz,Jenbach,Ischgl,Großbritannien,Deutschland,Laer,Ried im Innkreis,Nordrhein-Westfalen,Wien,Steiermark,Niederösterreich,Salzburg,Kärnten,Vorarlberg,Burgenland,Linz-Jenbach,Schwaz,Südamerika,USA,Brasilien,Innsbruck,ÖBB,WHO,Sanofi,GSK,ÖVP,Kronen Zeitung,BMG,Innenministerium,Weltgesundheitsorganisation,Universität Innsbruck,Tiroler Tageszeitung,National Institute,Health,Rudolf Anschober,Elisabeth Köstinger,Thomas Stelzer"
2000122902453,"Coronavirus,Weltverschwörung,Protestzug,Maskenpflicht,Rechtsextrem,Wien,Österreich,Graz,Linz,Friedrichstraße,Braunau,Polizei,Bundesregierung,PEGIDA,Georg Immanuel Nagel"
2000118526728,"Coronavirus-Pandemie,Erkrankte,Virus,Risikobereich,Massenscreening,Maskenpflicht,Westbalkanstaat,Corona-Krise,COVID-19,Tausendermarke,Wiedereinführung,Langzeitstudie,Drogen,Österreich,Indien,Oberösterreich,Slowenien,Deutschland,Nordrhein-Westfalen,Gütersloh,Russland,Wien,Innsbruck,Kapfenberg,Vienna,Wels-Land,Braunau,Tirol,Bosnien-Herzegowina,Hofkirchen,Grieskirchen,Kroatien,Italien,Ungarn,Bayern,Bundeswehr,BMG,Fußball-Bundesliga,ÖVP,Bundesheer,Ages Maut System,Ö1,Rudolf Anschober,Pamela Rendi-Wagner,Günter Weiss,Thomas Stelzer,Angela Merkel,Steffen Seibert"
2000128804986,"Infektionsgeschehen,Ausreisetest,Ausreisetestpflicht,Coronavirus,Osttirol,Oberlienz,Tirol,Lienz,Innervillgraten,Corona,Elmar Rizzoli"
2000118548666,"Corona-Pandemie,Maskenpflicht,COVID-19,Dienstleistungsbetrieb,Virus,Quarantäne,Gastronomie,Trauergottesdienst,Corona-Krise,Krise,Oberösterreich,Spanien,USA,Venetien,Europa,Salzburg,Melbourne,Brasilien,Mauthausen,Morzg,Neuseeland,Wien,Madrid,Polizei,UN,Rotes Kreuz,ÖVP,Bundesheer,Ärztekammer,BMF,Anthony Fauci,Thomas Stelzer,Thomas Szekeres,Jair Bolsonaro,Felipe VI.,Luca Zaia,Christoph Matznetter,António Guterres,Carlos Osoro"
2000126212924,"Maskenpflicht,Donaukanal,Hotspot,Tragepflicht,Fahrzeug,Virus,Wien,Stephansplatz,USA,Polizei,CDC,Centers for Disease Control and Prevention"
2000118570582,"Salzburger Festspiele,Grippewelle,Bischofskonferenz,Maskenpflicht,Coronavirus,COVID-19,Ausschreitung,Pflegeheim,Neuinfektion,Krise,Bezirkshauptmannschaft,Reisewarnung,Gastronomie,Belgrad,Velden,Österreich,Afrika,USA,Rumänien,Bulgarien,Moldau,Oberösterreich,Italien,Spanien,Wien,Brasilien,Chile,Salzburg,Luxemburg,Wörthersee,Faaker See,Klopeiner See,Klagenfurt,Sommeer-Ischgl,Kärnten,Westbalkan,Westbalkanländer,Finnland,Novi Sad,Serbien,Novi Pazar,Schweiz,Liechtenstein,APA,WHO,Weltgesundheitsorganisation,Bundesregierung,BMG,ÖVP,Rotes Kreuz,ORF,Polizei,EU,ÖRK,Österreichischer Gewerkschaftsbund,SPÖ,Rudolf Anschober,Pedro Sánchez,Tote Brasilien,Jair Bolsonaro,Aleksandar Vučić,Sebastian Schuschnig,Sebastian Kurz,Ana Brnabić"
2000128993752,"Mückstein,Coronavirus,Gastronomie,Bundesverordnung,Wien,SPÖ,ORF,Ärztekammer,ÖVP,Peter Hacker,Peter Dobcak"
2000118597212,"Corona-Pandemie,Coronavirus-Pandemie,COVID-19,Coronavirus,Todesfall,Leitfaden,Virus,Maskenpflicht,Krise,SARS-CoV-2,Neuinfektion,Corona-Krise,Österreich,Oberösterreich,Brasilien,Krumpendorf,Austria,Tirol,Pörtschach,USA,Salzburg,Balearen,Belgrad,Deutschland,Rumänien,Bulgarien,England,Linz,Wels-Land,Slowenien,Steiermark,Vorarlberg,Niederösterreich,Kärnten,Burgenland,Florida,Kalifornien,Arizona,Dänemark,Norwegen,Mallorca,Balearen-Insel,Spanien,Velden,Klopeiner See,Ljubljana,ÖVP,WHO,Polizei,Reuters,Gilead Sciences,EU-Kommission,Bundesrat,Weltgesundheitsorganisation,Europäische Kommission,Weißes Haus,Twitter,Anthony Fauci,Rudolf Anschober,Sebastian Kurz,Aleksandar Vucic,Karl Nehammer,Donald Trump,Thomas Stelzer,Tobias Thomas,Tedros Adhanom,Kayleigh Mcenany,Marga Frontera,Remdesivir"
2000116569218,"Corona-Pandemie,COVID-19,Maske,Ladenfläche,Coronavirus,Rewe,Lidl,APA,Billa,Bipa,ADEG,Spar Handelsgesellschaft,Caritas,Rotes Kreuz,Marcel Haraszti"
2000116573591,"Ostern,Pfingsten,Bregenzer Festspiele,Geschäftsöffnung,Maskenpflicht,Coronavirus,Gastronomie,Outdoor,Wien,Österreich,ÖVP,Bundesregierung,Fußball-Bundesliga,Werner Kogler,Ulrike Lunacek,Sebastian Kurz,Heinz Faßmann"
2000118659362,"Corona-Pandemie,Coronavirus,Corona-Krise,Generalamnestie,Rekordanstieg,COVID-19,SARS-CoV-2,Steuerhinterziehung,Virus,Ausgangsbeschränkung,Krise,Maskenpflicht,Neuinfektion,Grenzkontrolle,Frankreich,Spanien,Ungarn,Oberösterreich,Mallorca,USA,Serbien,Kärnten,Lleida,Afrika,Südamerika,Indien,Salzburg,Deutschland,Asien,China,Österreich,Katalonien,Wien,Japan,L'hospitalet de Llobregat,Barcelona,Balearen,La Rioja,Navarra,Balearen-Insel,SPÖ,ÖVP,WHO,EU,Polizei,ORF,Reuters,FAZ,APA,La Vanguardia,Innenministerium,Bundesregierung,Weltgesundheitsorganisation,Wilfried Haslauer,Donald Trump,Peter Kaiser,Thomas Stelzer,Christoph Badelt,Gabriel Attal,Ingrid Reischl,Sebastian Kurz,Rudolf Anschober,Robert Klinglmair,Clemens Wendtner,Jörg Leichtfried,Olivier Véran,Gergely Gulya"
2000129157100,"Sicherheitsphase,Maskenpflicht,Inzidenz,Sicherheitsstufe,Schulveranstaltung,Pandemie,Impfstatus,Schulbeginn,Gastronomie,Wien,ÖVP,Heinz Faßmann"
2000116643454,"Ostern,Corona-Pandemie,Geschäftsöffnung,Coronavirus,Kinderkrippe,Gastronomie,Ausreiseverbot,Dänemark,Österreich,Tschechien,Litauen,Wuhan,ÖVP,Mette Frederiksen,Saulius Skverneli,Sebastian Kurz"
2000118670364,"Corona-Pandemie,Grippewelle,Coronavirus,Maskenpflicht,COVID-19,Virus,Todesfall,Kurzarbeit,Corona-Krise,Lebensmittel,Mexiko,Kalifornien,Kroatien,Mallorca,Lateinamerika,Texas,Burgenland,Israel,Italien,Balearen-Insel,Bolivien,Los Angeles,Balearen,Zagreb,Katalonien,Spanien,Eisenstadt,SPÖ,EU,ORF,Bipa,BMG,Pamela Rendi-Wagner,Werner Kogler,Juval Steinitz,Hans Peter Doskozil,Ulrike Königsberger-Ludwig,Anton Heinzl,Jeanine Áñez,Juan Orlando Hernández,Donald Trump,Christoph Badelt"
2000123339962,"Verhandlerkreis,Tagesüberblick,Mindestabstand,Lockdownende,Distanzunterricht,Virus,Gastronomie,Österreich,Medizinische Universität Wien,Bundesregierung,APA,Oswald Wagner,Andreas Bergthaler"
2000118691918,"EU-Gipfel,Landeverbot,Coronavirus,Maskenpflicht,Polizeiinspektion,COVID-19,Hilfspaket,Virus,Reisewarnung,Neuinfektion,Quarantäne,SARS-CoV-2,Freikirche,Epidemiegesetz,Infektionszahl,Todesfall,Salzburg,Österreich,England,Israel,Gütersloh,Kalifornien,Itzling,Asien,Hongkong,Japan,Italien,Lombardei,Wiener Neustadt,Westbalkan,Bulgarien,Rumänien,Moldau,Ägypten,Belgrad,Bukarest,Kairo,Podgorica,Sarajevo,Sibiu,Skopje,Tirana,Wien-Schwechat,Serbien,Montenegro,Weißrussland,China,Großbritannien,Iran,Portugal,Russland,Ukraine,Nordrhein-Westfalen,Niederösterreich,Oberösterreich,FPÖ,EU,Polizei,Bundesrat,SPÖ,ÖVP,APA,ORF,AUA,BMG,Tönnies Holding,Rotes Kreuz,Ö1,Billa,Rewe,Geheimdienst,Times of Israel,Werner Kogler,Pamela Rendi-Wagner,Angela Merkel,Rudolf Anschober,Giuseppe Conte,Benjamin Netanjahu,Gerald Loacker,Manfred Lindenthaler,Sebastian Kurz,Korinna Schumann,Monika Mühlwerth"
2000116717900,"Ostern,Quarantäne,Infizierte,COVID-19,Coronavirus,Österreich,St. Anton,Paznaun,Paznauntal,Arlberg,Sölden,Italien,Spanien,EU,ÖVP,Rudolf Anschober,Boris Johnson,Heinz Faßmann,Günther Ogris,Christoph Hofinger,Herwig Ostermann"
2000129305914,"Corona-Pandemie,Sommerferien,Einbindung,Comeback,Coronavirus,COVID-19,Infektionszahl,Wien,Laer,Israel,APA,ÖVP,Sebastian Kurz"
2000126497942,"Registrierungspflicht,Öffnung,Öffnungsschritt,Freizeiteinrichtung,Wien,SPÖ,APA,Peter Hacker"
2000129408042,"Landtagswahl,Coronavirus,Pandemie,Impfkampagne,Heilsversprechen,Impfrate,Laer,Österreich,Oberösterreich,Bundesregierung,APA,Rotes Kreuz,ÖRK,Ö1,Walter Hasibeder,Pamela Rendi-Wagner"
2000116740663,"Coronavirus,Organstrafmandat,Österreich,Öffi,Polizei,Gerhard Pürstl"
2000129417401,"Coronavirus,Neuinfektion,Mückstein,Apotheke,Gastronomie,Wien,Oberösterreich,Österreich,München,Salzburg,ÖVP,Kronen Zeitung,Gerald Loacker"
2000121671795,"Coronavirus,Gesundheitsministerium,Infektionsrisiko,Infektionsgeschehen,Österreich,APA,Bundeskanzleramt"
2000118716682,"Corona-Pandemie,Coronavirus,COVID-19,Schlachtbetrieb,Nachtlokal,Virus,Infektionszahl,Nachtgastronomie,Heimquarantäne,Maskenpflicht,Abstandsregel,Landeverbot,Österreich,USA,Lombardei,Kleinwalsertal,Lissabon,Israel,Tokio,Balkan,Oklahoma,Portugal,Wien,Nordeuropa,London,Japan,Eggenburg,Kärnten,Niederösterreich,Wiener Neustadt,Slowakei,Schweiz,Vorarlberg,Chicago,Ägypten,Albanien,Bosnien-Herzegowina,Bulgarien,Kosovo,Montenegro,Nordmazedonien,Rumänien,Serbien,Großbritannien,Ukraine,Belgrad,Bukarest,Kairo,Kiew,Podgorica,Prishtina,Sarajevo,Sibiu,Skopje,Stockholm,Tirana,Westbalkan,Oberösterreich,Klagenfurt,AUA,ÖVP,Innenministerium,SPÖ,Moderna,Corona,ORF,Polizei,AA,Anthony Fauci,Peter Kaiser,Juli-Joel Edelstein,Kevin Stitt,Sebastian Kurz,Donald Trump,Stefan Ratzenberger,Karl Nehammer,Gerald Loacker,Mike Pence,Alexander Schallenberg"
2000129542531,"Corona-Pandemie,Impfpflicht,Bußgeld,COVID-19,Maskenpflicht,USA,Los Angeles,Kalifornien,Weißes Haus,Arbeitsministerium,BioNTech,Pfizer,Joe Biden,Jen Psaki,Megan Reilly"
2000126631447,"Maskenpflicht,Meilenstein,Coronavirus,Gesundheitsbehörde,Innenraum,Impfschutz,Restaurant,COVID-19,USA,Amerika,CDC,Joe Biden,Rochelle Walensky"
2000129574113,"Coronavirus,Maßnahmenverordnung,Corona-Krise,Mückstein,Gratistest,Österreich,Wien,APA"
2000118743297,"Corona-Pandemie,Coronavirus-Pandemie,Maskenpflicht,COVID-19,Coronavirus,Virus,Neuinfektion,Negativrekord,Schlachthof,SARS-CoV-2,Corona-Krise,Grenzkontrolle,USA,Österreich,Lateinamerika,Karibik,Kärnten,Italien,Israel,Spanien,Eggenburg,Slowenien,Brasilien,Oberösterreich,Wolfsberg,Kanada,Salzburg,Velden,Krumpendorf,St. Kanzian,Klopeiner See,Innsbruck,Linz,Völkermarkt,Serbien,Montenegro,Moskau,Großbritannien,Russland,ÖBB,Ärztekammer,EU,Bundesheer,Polizei,SPÖ,Österreichischer Gewerkschaftsbund,Geheimdienst,Rudolf Anschober,Thomas Szekeres,Kristalina Georgiewa,Ulrike Königsberger-Ludwig,Dominic Raab"
2000129581597,"Infektionszahl,Coronavirus,Mückstein,Wien,FPÖ,SPÖ,Ö1,ÖVP,Michael Ludwig,Sebastian Kurz,Dominik Nepp"
2000129584367,"Coronavirus,Kundgebung,Hauptbahnhof,Wien,Karlsplatz,Karlskirche,Ballhausplatz,USA,Australien,Polizei,Bundesregierung,Martin Rutter,Alexander Van der Bellen"
2000116769492,"Organstrafmandat,Schutzmaskenpflicht,Ausgangsbeschränkung,Verordnung,Organmandat,Maskenpflicht,COVID-19,Polizei,BMG"
2000116773212,"Kurzarbeit,Betriebsratszustimmung,Reisebüro,Sonntagsfahrplan,Pendler,Volkswirtschaft,Corona-Krise,ÖBB,Betriebsrat,Ö1"
2000118770128,"Maskenpflicht,Coronavirus,Rekordanstieg,Neuinfektion,Teilamnestie,Tagesüberblick,Todesfall,Generalamnestie,Erkrankung,COVID-19,Virus,Brasilien,USA,Indien,Österreich,Eggenburg,Vorarlberg,Niederösterreich,Südafrika,Oberösterreich,Wien,Israel,Singapur,WHO,ÖVP,Weltgesundheitsorganisation,Ö1,SPÖ,Werner Kogler,Donald Trump,Sebastian Kurz,Rudi Anschober,Johannes Rauch,Ulrike Königsberger-Ludwig,Irmgard Lechner"
2000129604031,"Gesamtschutz,Sicherheitsphase,Schulstart,SARS-CoV-2,Laer,Wien,Österreich,Deutschland,Dänemark,Oberösterreich,Salzburg,Tirol,Vorarlberg,Kärnten,Steiermark,Niederösterreich,Burgenland,Ostösterreich,Großbritannien,England,Medizinische Universität Wien,APA,ÖVP,Medizinische Universität Innsbruck,Ö1,BioNTech,Pfizer,Bundesregierung,Westen Österreich,Heinz Faßmann,Peter Klimek,Alexandra Bosek"
2000129628821,"Maskenpflicht,Corona-Krise,Supermarkt,Apotheke,Wien,Kärnten"
2000118831896,"Coronavirus,Maskenpflicht,Tagesüberblick,Neuinfektionszahl,Virus,Neuinfektion,COVID-19,Rekordanstieg,Teilamnestie,Apotheke,Lebensmittel,Generalamnestie,Schlachthof,Corona-Krise,Todesfall,USA,Indien,Brasilien,Österreich,Salzburg,Frankreich,Eggenburg,Wiener Neustadt,Itzling,Wien,Oberösterreich,Kärnten,Lohne,Burgenland,Niederösterreich,Iran,Südafrika,Baltimore,Seagoville,Deutschland,WHO,ÖVP,Polizei,BMG,SPÖ,Ärztekammer,APA,Weltgesundheitsorganisation,Johns Hopkins University Baltimore,Fox News,NBC,Donald Trump,Werner Kogler,Rudolf Anschober,Sebastian Kurz,Philip Kucher,Irmgard Lechner,Hassan Rohani,Benjamin Netanyahu,Anthony Fauci,Olivier Veran"
2000116807446,"Ostern,Maskenpflicht,Normalität,Wiederauferstehung,Bundesgarten,Fahrzeug,Indoor,Coronavirus-Krise,Transport,Apotheke,Wien,Polizei,ÖVP,Bundesregierung,Rewe,Sebastian Kurz"
2000126864898,"Öffnung,Koalitionsstreit,Öffnungswunsch,Öffnungsschritt,Mückstein,Coronavirus,Vorarlberg,Niederösterreich,Österreich,Tirol,ÖVP,FPÖ,ORF,Twitter,August Wöginger,Markus Wallner,Jochen Danninger,Elisabeth Köstinger,Sebastian Kurz,Armin Fidler"
2000116819342,"Rezession,COVID-19,Coronavirus,Verfassungskonformität,Virus,Todesfall,Österreich,Flachau,Saalbach,Zell am See,Altenmarkt,Tirol,Sölden,St. Anton,Arlberg,Paznauntal,Frankreich,IWF,BMG,WHO,Weltgesundheitsorganisation,AUA,Donald Trump,Sebastian Kurz,Rudolf Anschober,Emmanuel Macron"
2000116837925,"Ostern,Notbremse,Durchseuchungsrate,Coronavirus,Ausgangsbeschränkung,Outdoor,Österreich,ÖVP,Bundesregierung,Werner Kogler,Rudolf Anschober,Sebastian Kurz,Karl Nehammer"
2000118840331,"EU-Gipfel,Coronavirus-Pandemie,Corona-Pandemie,Covid-19-Pandemie,Coronavirus,Maskenpflicht,Tagesüberblick,Virus,Krankmeldung,SARS-CoV-2,Krise,COVID-19,Unternehmensneugründung,Todesfall,Schuldenmoratorium,Neuinfektion,Corona-Krise,Wien,Österreich,Ischgl,USA,Frankreich,Brasilien,Brüssel,Oberösterreich,Ottakring,Europa,Lateinamerika,Großbritannien,Mexiko,Italien,Los Angeles,Burgenland,Kärnten,Tirol,Vorarlberg,G20,Bundesheer,APA,ÖVP,BMG,Weltgesundheitsorganisation,WHO,Fox News,CNN,AFP,Innenministerium,Kronenzeitung,Donald Trump,Rudolf Anschober,Anthony Fauci,Eric Garcetti,Sebastian Kurz,Klaudia Tanner,Thomas Szekeres"
2000129703306,"Intensivzahl,Coronavirus,Intensivbett,Maskenpflicht,Virus,Österreich,Burgenland,Wien,Ärztekammer,Bundesregierung,BMG,SPÖ,Werner Kogler,Hans Peter Doskozil"
2000118841850,"EU-Gipfel,Maskenpflicht,Supermarkt,Comeback,Apotheke,Lebensmittel,Brüssel,Österreich,Oberösterreich,Wien,Kärnten,Salzburg,ÖVP,APA,BMG,SPÖ,Rudolf Anschober,Werner Kogler,Sebastian Kurz,Karl Nehammer"
2000116868037,"Freizeitfahrt,Einschränkung,Maskenpflicht,Coronavirus,Verordnung,Verkehrsmittel,Rudolf Anschober"
2000129831411,"Maskenpflicht,Attacke,Tankstelle,Coronavirus,Oberstaatsanwaltschaft,Idar-Oberstein,Rheinland-Pfalz,Deutschland,Polizei,Kai Fuhrmann"
2000118859980,"EU-Gipfel,Corona-Pandemie,Maskenpflicht,COVID-19,Tagesüberblick,Coronavirus,Todesfall,Pharmakonzern,Impfstoff,Westbahn,Virus,Adenovirus,Frankreich,Niederösterreich,Hongkong,Italien,Lombardei,Simbabwe,Österreich,Vöcklabruck,Meidling,Salzburg,Eggenburg,Oberösterreich,Wien,Wiener Neustadt,China,Brüssel,Steiermark,Burgenland,Tirol,Lungau,Itzling,ÖBB,SPÖ,Uni Oxford,AstraZeneca,The Lancet,ÖVP,FPÖ,BMG,Krankenhaus Tamsweg,WHO,Cansino,EU,NEOS,Bundeskanzleramt,ORF,APA,Stift Heiligenkreuz,Donald Trump,Sebastian Kurz,Philip Kucher,Werner Kogler,Rudolf Anschober,Karl Nehammer,Manfred Lindenthaler,Ulrike Königsberger-Ludwig"
2000130275144,"Ampelkommission,Schultest,Modellregion,Schulbetrieb,Gastronomie,Vorarlberg,Österreich,Steiermark,Tirol,Niederösterreich,Burgenland,ÖVP,Barbara Schöbi-Fink"
2000118878711,"EU-Gipfel,Corona-Pandemie,Maskenpflicht,Coronavirus,Tagesüberblick,COVID-19,Vertagung,Bezirkshauptmannschaft,Heimquarantäne,Todesfall,Infektionszahl,Virus,Brasilien,Österreich,Brüssel,Italien,Iran,Spittal an der Drau,Ried im Innkreis,Kärnten,Wörthersee,Velden,Krumpendorf,St. Kanzian,Klagenfurt,Wolfsberg,Brasília,USA,FPÖ,ÖBB,Weltgesundheitsorganisation,ÖVP,SPÖ,Donald Trump,Sebastian Kurz,Philip Kucher,Michael Schnedlitz,Gerald Loacker,Jair Bolsonaro,Milton Ribeiro"
2000118888558,"Coronavirus,ÖBB,Daniel Pinka"
2000118890822,"Maskenpflicht,Grenzkontrolle,COVID-19,Risikogebiet,Einreise,Coronavirus,Österreich,Ried im Innkreis,Brasilien,ÖVP,ÖBB,Sebastian Kurz,Rudolf Anschober"
2000123569052,"Coronavirus,Maske,Sicherheitsabstand,Supermarkt,Öffi,Österreich,Wien,AUA,Austrian Airlines,Bundesregierung,ÖBB"
2000130436224,"Zeitplan,Arbeitsplatz,Coronavirus,Rahmenbedingung,Gastronomie,BMG,APA"
2000118903636,"Coronavirus-Pandemie,Coronavirus,Risikogebiet,Heimquarantäne,Einreise,COVID-19,Pharmakonzern,Todesfall,Impfstoff,Maskenpflicht,Ampelsystem,Neuinfektion,Virus,USA,Österreich,Australien,Brasilien,Innsbruck,Gottestdiensten,Florida,Arizona,Kalifornien,Großbritannien,Melbourne,China,São Paulo,Japan,Westbalkan,AstraZeneca,Reuters,WHO,BMG,Weltgesundheitsorganisation,RTL,The Lancet,Universität Oxford,ÖVP,Donald Trump,Georg Willi,Mike Pompeo,Pascal Soriot,Tedros Adhanom,Sebastian Kurz,Rudolf Anschober,Remdesivir"
2000130505680,"Corona-Pandemie,COVID-19,Kanada,Skandinavien,Mekka,Dänemark,Norwegen,Oslo,Saudi-Arabien,Quebec,Vereinigte Arabische Emirate,Portugal,Malta,Singapur,Katar,Österreich,SAS,Christian Dubé,Justin Trudeau"
2000118904988,"Maskenpflicht,Ausweitung,Sorglosigkeit"
2000116976186,"Maskenpflicht,Krise,Coronavirus,Corona-Krise,Gastronomie,Österreich,CNN,ÖVP,Bundesregierung,Sebastian Kurz"
2000118927838,"Salzburger Festspiele,Corona-Pandemie,EU-Gipfel,Einreisebeschränkung,Neuinfektion,Maskenpflicht,Schlachthof,Virus,COVID-19,Todesfall,Corona-Krise,Kuranstalten,Grundeinkommen,Coronavirus,Infektion,SARS-CoV-2,Österreich,USA,Wien,Oberösterreich,Rheda-Wiedenbrück,Niederösterreich,Spanien,Salzburg,Steiermark,Tirol,Burgenland,Kärnten,Vorarlberg,Eggenburg,Kalifornien,New York,Madrid,María,Nordrhein-Westfalen,Gütersloh,China,Reuters,BMG,Bundesregierung,APA,Europäisches Parlament,WHO,SPÖ,CDU,Neue Osnabrücker Zeitung,Helmholtz-Zentrum für Infektionsforschung,CDC,Corona Es,Rudolf Anschober,Karl-Josef Laumann,Mike Pompeo,Ulrike Königsberger-Ludwig,José Sierra,Tedros Adhanom"
2000130732406,"Neuinfektion,COVID-19,Intensivstation,Todesfall,Rekord,Österreich,Wien,Bregenz,Steiermark,ÖVP,BMG,SPÖ,Peter Hacker,Hermann Schützenhöfer"
2000118952103,"Maskenpflicht,COVID-19,Ausweitung,SARS-CoV-2,Apotheke,BMG,Ages Maut System,Nikolaus Scherak,Florian Stigler"
2000130816685,"Corona-Pandemie,Nachtgastronomie,Großevent,Verschärfung,Ausreisekontrolle,Niederösterreich,Oberösterreich,Salzburg,Tirol,Kärnten,Steiermark,Wien,Burgenland,Vorarlberg,Österreich,St. Koloman,Annaberg-Lungötz,Lilienfeld,Amstetten,Scheibbs"
2000118954356,"Coronavirus,COVID-19,Rekordanstieg,Neuinfektion,Tagesüberblick,Todesfall,Infektion,Heimquarantäne,Tourismusort,Corona-Krise,Virus,Quarantänepflicht,SARS,Maskenpflicht,SARS-CoV-2,Österreich,St. Wolfgang,Finnland,Großbritannien,Deutschland,Wien,Tunesien,Spanien,Katalonien,Oberösterreich,Wörgl,Schweiz,Slowenien,USA,Salzkammergut,Gmunden,Salzburg,Wolfgangsee,St. Peter,St. Gilgener,Tirol,Dalian,Niederösterreich,Steiermark,Vorarlberg,Kärnten,Burgenland,Genf,WHO,Weltgesundheitsorganisation,APA,Innenministerium,AA,Ö1,Reuters,EU,Alois Lanz,Rudolf Anschober,Mike Ryan"
2000118981517,"Coronavirus,Einreise,Risikogebiet,Tagesüberblick,Infizierte,SARS-CoV-2,Virus,COVID-19,Todesfall,Quarantäne,Logistik,Infektion,Neuinfektion,Österreich,USA,Nordkorea,St. Wolfgang,Wien,Brasilien,Bayern,Frankreich,Australien,Salzkammergut,Oberösterreich,Niederösterreich,Tirol,Vorarlberg,Burgenland,Kärnten,Salzburg,Steiermark,Brasília,Wien-Schwechat,Vienna,Indien,Mexiko,Deutschland,Mamming,Niederbayern,Flughafen Wien,ÖVP,Innenministerium,BMG,CDC,Reuters,EU,McKinsey,Jair Bolsonaro,Thomas Stelzer,Elisabeth Köstinger"
2000131016725,"Coronavirus,Impfquote,Impfbereitschaft,Maskenpflicht,Vergleich,Dänemark,Portugal,Malta,Slowenien,Kroatien,Österreich,Spanien"
2000123757470,"Corona-Pandemie,Demonstration,Livebericht,Coronavirus,COVID-19,Neonazi,Werbeagentur,Sondersitzung,Wien,Österreich,FPÖ,Polizei,APA,Querdenker,Facebook,SPÖ,NEOS,Kathpress,Herbert Kickl,Christopher Verhnjak,Edith Brötzner,Martin Sellner,Gottfried Küssel,Michael Prüller,Martin Rutter"
2000118991011,"COVID-19,Coronavirus,Virus,Tagesüberblick,Reparatur,Evakuierung,Risikogebiet,Quarantänepflicht,Krise,Teststation,Folgefall,Unfähigkeit,Ansteckung,Österreich,Bayern,Spanien,Brasilien,Vorarlberg,China,Großbritannien,Vietnam,Australien,St. Wolfgang,Eggenburg,Deutschland,München,Ischgl,Salzkammergut,Niederösterreich,Wiener Neustadt,Nürnberg,Salzburg,Tschechien,Ungarn,Melbourne,ÖVP,Polizei,Webasto,AA,CDU,Bundesregierung,BMG,SPÖ,ORF,Karl Nehammer,Donald Trump,Jair Bolsonaro,Jens Spahn,Markus Söder,Robert C. O’Brien,Ulrike Königsberger-Ludwig,Rainer Fitz"
2000123796090,"Gottesdienst,Tagesüberblick,Maskenpflicht,Coronavirus,Öffnungsschritt,Schichtbetrieb,Skigebiet,Ö1,ÖVP,Rudolf Anschober,Sebastian Kurz"
2000123830935,"Coronavirus,Tagesüberblick,Infektionszahl,Massentest,Pendler,Quarantänepflicht,Osttirol,Österreich,Laer,EMA,EU,Universität Innsbruck,Ursula von der Leyen,Christoph Badelt"
2000119010979,"Abstandsregel,Infizierte,Tagesüberblick,Epidemiegesetz,Coronavirus,Missachtung,Corona-Krise,St. Wolfgang,Österreich,Salzkammergut,Oberösterreich,Salzburg,St. Gilgen,Wolfgangsee,McKinsey,Rudolf Anschober,Barbara Neßler"
2000123866037,"Ostern,Nasenbohrtest,Selbsttest,Sicherheitsnetz,Coronavirus,Antigentest,Freibrief,Testtag,Österreich,APA,BMBF,Ages Maut System,Uni Wien,Michael Wagner"
2000119076989,"Maskenpflicht,Epidemie,Neuinfektion,Belgien,Frankreich,Biarritz,Saint-Malo,Bretagne,Loire,Bayonne"
2000122189346,"Weihnachten,Gastronomie,Getränke,Partyknaller,Ausgangsbeschränkung,Feiertag,Umsatzersatz,Pendler,Österreich,ÖVP,Polizei,BMBF,EU,Heinz Faßmann,Karl Nehammer,Gernot Blümel,Werner Kogler"
2000119078871,"Corona-Pandemie,Rekordanstieg,Eurozone,Neuerkrankung,Tagesüberblick,Hilfspaket,COVID-19,Todesfall,Corona-Krise,Coronavirus,Krise,Babyelefant,Mindestabstand,Landeverbot,Grenzkontrolle,Österreich,China,Brasilien,USA,Velden,Deutschland,Wörthersee,Weißrussland,Belarus,Portugal,Indien,Südafrika,Wien,Wolfsberg,Spanien,Oberösterreich,Albanien,Bosnien-Herzegowina,Kosovo,Nordmazedonien,Montenegro,Serbien,Bulgarien,Rumänien,Moldau,Ägypten,Großbritannien,Russland,Ukraine,Iran,Europa,Frankreich,Italien,Xinjiang,WHO,SPÖ,Ö1,Weltgesundheitsorganisation,Reuters,Eurostat,Rudolf Anschober,Peter Hacker,Werner Kogler"
2000123928993,"Massentest,Teststraße,Coronavirus-Krise,Lockerungsschritt,Auto,Fahrzeug,Wien,Austria,Vienna"
2000119112086,"Corona-Pandemie,Kundgebung,Infektionszahl,Parteitag,Neonazi,Coronavirus,Virus,Berlin,Deutschland,Stuttgart,Brandenburger Tor,Polizei,SPD,Twitter,Querdenken 711,NSDAP,EU,CSU,BamS,CDU,WamS,Bundeskanzleramt,Markus Söder,Anja Karliczek,Leni Riefenstahl,Andreas Geisel,Michael Ballweg,Jens Spahn,Saskia Esken"
2000123938583,"Automatismus,Präsenzunterricht,Schulschließung,Inzidenz,Coronavirus,Kriterium,Tamsweg,Tirol,Jungwissenschaftern,ÖVP,BMG,Heinz Faßmann"
2000117204747,"Maskenpflicht,Verordnung,Coronavirus,Zusammenkunft,Mindestabstand,Begräbnis,Todesfall,Österreich,Großbritannien,USA,Russland,Deutschland,ÖVP,Ages Maut System,Christine Aschbacher,Markus Söder,Angela Merkel"
2000123940035,"Coronavirus,Faschingsumzug,Demonstration,Fahrzeug,Wien,Eisenstadt,Salzburg,Freilassing,Burgenland,Saalach,Polizei"
2000119121784,"Corona-Pandemie,Coronavirus,COVID-19,Tagesüberblick,Virus,Corona-Krise,Prämie,Vorjahresvergleich,SARS-CoV-2,Arbeitslosenquote,Schiff,Maskenpflicht,Arktisreise,Infektionszahl,Hilfspaket,Iran,Großbritannien,Manchester,St. Wolfgang,USA,Nizza,Österreich,Dänemark,Europa,Brasilien,Indien,Salzkammergut,Oberösterreich,Minneapolis,Baltimore,Oldham,England,XXXLutz,Rewe,AFP,BBC,BMG,Arbeitsministerium,ÖVP,Ö1,GPA,ORF,CBS,Tromsö,US-Kongress,Wal-Mart Stores Inc.,Facebook,Hurtigruten,Starbucks,Johns Hopkins University Baltimore,Neel Kashkari,Deborah Birx,Christine Aschbacher,Rainer Will,Christian Estrosi,Donald Trump,Matt Hancock,Boris Johnson"
2000119148601,"Corona-Pandemie,Coronavirus,Tagesüberblick,Quarantänezeit,Katastrophe,Schulschließung,Corona-Krise,SARS-CoV-2,Homeschooling,Schulstart,Auto,Maskenpflicht,Virus,Fahrzeug,Niederösterreich,Amsterdam,Rotterdam,Oberösterreich,Italien,UN,BMBF,Verkehrsclub Österreich,BMG,ÖVP,SPÖ,RKI,ORF,Donald Trump,Jair Bolsonaro,Antonio Gutérres,Walter Souza,Braga Netto,Heinz Faßmann,Ulrike Königsberger-Ludwig"
2000117225352,"Fenstertag,Coronavirus,Corona-Krise,Wien,USA,Erdberg,Dortmund,Ryanair,Ages Maut System,Wizz Air,Rudolf Anschober,Michael O'Leary,Remdesivir"
2000117226589,"COVID-19,Gastronomie,Corona-Krise,Maskenpflicht,Österreich,Bundesregierung,Rudolf Anschober"
2000119174702,"Corona-Pandemie,Coronavirus,Infektiologe,Maskenpflicht,Virus,Tagesüberblick,Schlendrian,COVID-19,Todesfall,Kontakttagebuch,Infektion,Corona-Krise,Reisewarnung,Infektionszahl,Infizierte,SARS-CoV-2,Pandemie,Schiff,Schutzausrüstung,Österreich,Brasilien,Italien,Australien,USA,Norwegen,Nordspanien,Melbourne,New York,Wien,Kreuz,Pag,Deutschland,Israel,St. Wolfang,Niederösterreich,Schweiz,Japan,Dänemark,Kroatien,Katalonien,Navarra,Portugal,Schweden,Bulgarien,Rumänien,Türkei,Balearen,Kanarische Inseln,Baltimore,Großbritannien,AA,Johns Hopkins University Baltimore,EU,WHO,BMG,Aftenposten,Hurtigruten,SPÖ,Herwig Kollaritsch,Christian Drosten,Oxiri Barbot,Rudolf Anschober,Johns Hopkins,Bill de Blasio,Jorge Oliveira,Elisabeth Rappold,Roald Amundsen,Michael Ryan,Gerry Foitik,Ulrike Königsberger-Ludwig"
2000117253874,"Ostern,Pandemie,SARS-CoV-2,Reproduktionszahl,COVID-19,Gastronomie,Wien,Salzburg,Wien-Erdberg,BMG,ÖVP,Kronen Zeitung,Caritas,Karl Nehammer,Andreas Huber"
2000119220406,"Tagesüberblick,SARS-CoV-2,Neuinfektion,Todesfall,Virus,COVID-19,Quarantäneschiff,Grenzkontrolle,Testbetrieb,Coronavirus,Deutschland,Afrika,Indien,Karibik,USA,Österreich,Lateinamerika,Mexiko,Australien,Villach,Brasilien,Sizilien,Poros,Kärnten,Ozeanien,Israel,Südafrika,Europa,Spanien,Griechenland,Balearen,Mallorca,Menorca,Ibiza,Kanarische Inseln,Teneriffa,Fuerteventura,Gran Canaria,Brüssel,Aranda de Duero,Kastilien-León,Ägypten,Nigeria,Russland,Baltimore,Großbritannien,EU,EU-Kommission,Uber,BMG,AFP,Ages Maut System,RKI,Johns Hopkins University Baltimore,DIHK,Rudolf Anschober,Ulrich Herzog,Clemens Auer,Daniela Schmid,Martin Wansleben"
2000124157392,"Anzeige,Coronavirus,COVID-19,Neonazi,Rechtsextremisten,Wien,Karlskirche,Karlsplatz,Tirol,Polizei,APA,Twitter,Verfassungsschutz,Gottfried Küssel"
2000124163685,"Anzeige,COVID-19,Neonazi,Coronavirus,Rechtsextremisten,Wien,Karlskirche,Tirol,Polizei,Twitter,Verfassungsschutz,Gottfried Küssel,Karl Nehammer"
2000119242720,"Corona-Pandemie,Coronavirus-Pandemie,Maskenpflicht,Coronavirus,Tagesüberblick,COVID-19,Hilfspaket,Todesfall,Virus,Schiff,Impfpass,Neuinfektion,Paris,Italien,USA,Villach,Deutschland,Österreich,Minneapolis,Großbritannien,Wien,Niederösterreich,Steiermark,Frankreich,London,Nizza,Lille,New York,Amerika,Paterson,New Jersey,Genua,Malta,Ö1,BMG,New York Times,Randox,Guardian Media Group,SPÖ,Donald Trump,Lazzaro Spallanzani,Neel Kashkari,Owen Paterson,Peter Lehner,Giuseppe Conte"
2000119264325,"Coronavirus,Maskenpause,Viruslast,COVID-19,Virus,Abwasser,Beschränkung,Schulstart,Maskenpflicht,Urlaubsregion,Corona-Krise,Tirol,Griechenland,Österreich,Italien,Steiermark,Kreta,Santorin,Mykonos,Innsbruck,ÖVP,Arbeitsministerium,BMG,SPÖ,Universität Innsbruck,Bundesregierung,APA,EU,Antonio Banderas,Gernot Blümel,Rudolf Anschober,Heinz Faßmann,Cornelia Lass-Flörl,Christian Drosten,Christine Aschbacher,Herbert Oberacher"
2000119306037,"Coronavirus,Neuinfektion,Rezession,Corona-Krise,Krise,COVID-19,Impfstoff,Tourismusbetrieb,Logistik,Antikörpernachweis,Bargeldzahlung,Testung,Virus,Österreich,Deutschland,Großbritannien,Zell am See,Wien,Russland,Oberösterreich,Tirol,Niederösterreich,Steiermark,Salzburg,Burgenland,Kärnten,Vorarlberg,Europa,Österreichischer Gewerkschaftsbund,EU,RKI,BMG,APA,ÖVP,Rudolf Anschober,Thomas Frischer"
2000119374814,"Coronavirus,Neuinfektion,Reisewarnung,Tagesüberblick,Zuwachsrate,COVID-19,Gesundheitsbehörde,Maskenpflicht,Infektionszahl,Virus,Restaurant,Österreich,Kroatien,Tirol,Dänemark,USA,Kärnten,Axams,Russland,Wien,Oberösterreich,Innsbruck,Contact-Tracing,Absam,Burgenland,Steiermark,Salzburg,Niederösterreich,SPÖ,CDC,Innenministerium,ÖVP,Bundesheer,APA,Sebastian Kurz,Rudolf Anschober,Elmar Rizzoli,Peter Hacker,Daniel Glunčić,Klaudia Tanner"
2000119396183,"Reisewarnung,Schulstart,Schichtbetrieb,Schnelligkeit,Grenzkontrolle,COVID-19,Kroatien,Österreich,APA,ÖVP,Heinz Faßmann,Rudolf Anschober,Daniel Gluncic"
2000124606731,"Aufruf,Handelskette,Supermarkt,Coronavirus,Exekutive,Supermarktfiliale,Polizei,Bundesamt für Verfassungsschutz"
2000119417900,"Reisewarnung,COVID-19,Tagesüberblick,Ansteckungsgefahr,Auto,Teststraße,Coronavirus,Kroatien,Österreich,Wien,Mallorca,Menorca,Ibiza,Ernst-Happel-Stadion,Balearen,Kanarische Inseln,Europa,Eisenstadt,AA,ÖVP,Bundeskanzleramt,APA,BMG,Bundesregierung,Innenministerium,SPÖ,Bundesheer,Rudolf Anschober,Peter Hacker,Sebastian Kurz,Karl Nehammer,Alexander Schallenberg,Nikolaus Scherak"
2000119468985,"Coronavirus,Neuinfektion,Quarantäne,Tagesüberblick,Höchstwert,COVID-19,SARS-CoV-2,Virus,Maskenpflicht,Österreich,Großbritannien,Kroatien,Niederösterreich,Deutschland,Russland,London,Indien,Europa,Grafenegg,Krka,Split-Dalmatien,Split,Hvar,Wien,Oberösterreich,Tirol,Salzburg,Steiermark,Trinidad und Tobago,Portugal,Spanien,Kanarische Inseln,Norwegen,Zagreb,Italien,Frankreich,Vereinigte Arabische Emirate,Brasilien,Saudi-Arabien,Philippinen,Leipzig,Balearen,WHO,Ärztekammer,Ages Maut System,Twitter,RKI,Weltgesundheitsorganisation,Verkehrsministerium,SPÖ,Salzburger Nachrichten,Gamaleja-Institut für Epidemiologie und Mikrobiologie,EU,CureVac,Robert Dornhelm,Birgit Jung,Johanna Mikl-Leitner,Hans Kluge,Peter Hacker,Ulrike Königsberger-Ludwig,Jakob Wild,Toni Mörwald"
2000119492368,"Reproduktionszahl,Todesfall,Tagesüberblick,Fallsteigerung,Steigerungsrate,COVID-19,Maskenpflicht,Neuinfektion,Österreich,Spanien,Wien,Lateinamerika,Mexiko,Marokko,Tirol,Russland,Oberösterreich,Niederösterreich,Frankreich,Großbritannien,Norwegen,Brasilien,Argentinien,Steiermark,Kärnten,Ages Maut System,FDA,Österreichischer Gewerkschaftsbund,Bundesheer,Reuters,Innenministerium,Industriellenvereinigung,APA,ÖVP,Wolfgang Katzian,Christoph Neumayer,Klaudia Tanner,Peter Marks"
2000119519921,"Coronavirus,Tagesüberblick,Todesfall,Virus,COVID-19,Reproduktionszahl,Neuinfektion,Pendler,Maskentrage,Reisewarnung,Durchreise,Coronatest,Wien,Kroatien,Österreich,Deutschland,USA,Lateinamerika,Karibik,Tirol,Oberösterreich,Steiermark,Niederösterreich,Türkei,Kosovo,Serbien,Salzburg,Burgenland,Brasilien,Mexiko,Indien,Rumänien,Berlin,WHO,Weltgesundheitsorganisation,BMG,Twitter,Bundesregierung,Ö1,Ages Maut System,SPÖ,Innenministerium,ÖVP,Wirtschaftskammer Österreich,Accenture,Donald Trump,Robert Dornhelm,Rudolf Anschober,Johanna Mikl-Leitner,Ulrich Herzog,Peter Hacker,Irmgard Lechner"
2000119561802,"Corona-Pandemie,Coronavirus,Tagesüberblick,Ausbreitung,Virus,Todesfall,COVID-19,Neuinfektion,Maskenpflicht,SARS-CoV-2,Kleincluster,Infektion,Tourismusjob,Verlangsamung,Kontaktnetzwerk,Logistik,Corona-Krise,Krise,Österreich,Marseille,Afrika,USA,Wien,Innsbruck,Mittelmeer,Angola,Namibia,Südafrika,Spanien,Südostasien,Brasilien,Vienna,Hongkong,Niederlande,Belgien,Niederösterreich,Tirol,Steiermark,Salzburg,Deutschland,Frankreich,WHO,Weltgesundheitsorganisation,Medizinische Universität Wien,AUA,UN,Amnesty International,ÖVP,BMG,AFP,TU,RKI,Ö1,Franceinfo,Hans Georg Mustafa,Anthony Fauci,Elisabeth Puchhammer-Stöckl,Sebastian Kurz,Matshidiso Moeti,Zweli Mkhize,Niki Popper,António Guterres,Donald Trump"
2000119585762,"Corona-Pandemie,Coronavirus,Maskenpflicht,COVID-19,Tagesüberblick,Einreiseformular,Neuinfektion,Corona-Krise,Stauchaos,Bezirkshauptmannschaft,Pandemie,Infektionszahl,Virus,Österreich,Oberösterreich,Kroatien,Italien,Wien,Wörgl,Zell am See,Südafrika,Tirol,Berlin,Afrika,Zeller See,Ernst-Happel-Stadion,Villach,Bundesheer,Spar Handelsgesellschaft,WHO,Weltgesundheitsorganisation,APA,Innenministerium,Facebook,SPÖ,Rewe,ÖVP,EU,Jair Bolsonaro,Bernd Riepan,Peter Hacker,Thomas Stelzer"
2000119635363,"Coronavirus-Pandemie,Neuinfektion,Coronavirus,Tagesüberblick,Pandemie,Schnelltest,COVID-19,Sommersaisonhälfte,Nächtigung,Corona-Krise,Virus,Herdenimmunität,Grenzkontrolle,Österreich,Venezuela,Russland,Paris,Italien,Wien,Moskau,Oberösterreich,Steiermark,Niederösterreich,Tirol,Rom,Frankreich,Kärnten,Slowenien,WHO,Verwaltungsgericht,Weltgesundheitsorganisation,ÖVP,Abbott Laboratories,Carlos Alvarado,Donald Trump,Alexander Schallenberg,Rudolf Anschober,Sputnik V"
2000119663284,"Tagesüberblick,Hilfspaket,Maskenpflicht,SARS-CoV-2,Reproduktionszahl,Österreich,Frankreich,USA,Wien,Berlin,Seoul,Währing,Wiener Neustadt,Ungarn,Oberösterreich,Tirol,Niederösterreich,Steiermark,Europa,Großbritannien,Wien-Währing,Südkorea,Burgenland,Kärnten,Salzburg,Vorarlberg,Paris,BMG,APA,Polizei,Ages Maut System,ÖVP,Donald Trump,Matt Hancock,Martin Rutter,Peer Eifler,Franziska Loibner,Alexandra Koller,Merith Streicher,Emmanuel Macron,Heinz Faßmann,Gergely Gulyás"
2000119685463,"Corona-Pandemie,Coronavirus,Maskenpflicht,COVID-19,Quarantäne,Urlaubsflug,Neuinfektion,Tagesüberblick,Gastronomie,Todesfall,Corona-Krise,Impfstoff,Virus,Präsidentschaft,SARS-CoV-2,Indien,USA,Bayern,Brasilien,Österreich,Wien,Russland,Deutschland,Kärnten,Großbritannien,Oberösterreich,Griechenland,Burgenland,Ungarn,Zakynthos,Wales,Moskau,Europa,Niederösterreich,Tirol,Balearen,Ossiacher See,EU,FDA,FPÖ,ÖVP,APA,BBC,TUI,SPÖ,NEOS,ORF,Rudolf Anschober,Michail Muraschko,Markus Söder,Barbara Ertl,Jörg Leichtfried,Gerhard Kaniak,Gerald Loacker,August Wöginger,Sigrid Maurer"
2000119706342,"Corona-Pandemie,Coronavirus,Grenzschließung,Tagesüberblick,Krankmeldung,Infektionszahl,Neuinfektion,Maskenpflicht,Rechtsschutz,Lungenheilkunde,COVID-19,Quarantänezeit,Ungarn,Österreich,Russland,Deutschland,Wien,Salzburg,Israel,Frankreich,Hongkong,Nickelsdorf,Brüssel,Ostösterreich,Italien,EU,EU-Kommission,BMBF,ÖVP,BMG,Polizei,Ö1,AMS,Ärztekammer,Didier Reynders,Margarete Schramböck,Christian Drosten,Gerald Bachinger,Rudolf Anschober,Ylva Johansson,Karl Nehammer"
2000119783957,"Verschärfung,Livebericht,Gastronomie,Maskenpflicht,Coronavirus,Linz,Österreich,Kufstein,Wien,Graz,ÖVP,BMG,SPÖ,Klaus Luger,Sebastian Kurz"
2000119798370,"Maskenpflicht,Umsetzungspflicht,Gastronomie,Linz,Wien,Graz,Kufstein,Tirol,Oberösterreich,ÖVP,SPÖ,FPÖ,Rudolf Anschober,Klaus Luger,Thomas Stelzer,Michael Ludwig,Siegfried Nagl,Sebastian Kurz,Werner Kogler,Mario Pulker,Hermann Schützenhöfer,Günther Platter"
2000119808671,"Coronavirus,Färbung,Neuinfektion,Tagesüberblick,COVID-19,Virus,Todesfall,Maskenpflicht,Pharmakonzern,Wahlkampf,Ampelfarbe,Corona-Krise,Krise,Militär,SARS-CoV-2,Wien,Österreich,Indien,Ungarn,Deutschland,Brasilien,USA,Linz,Wiener Neustadt,Tirol,Oberösterreich,Niederösterreich,Steiermark,Vorarlberg,Burgenland,Salzburg,Kärnten,Innsbruck,Ostösterreich,FPÖ,SPÖ,Sanofi,Ö1,BMG,RKI,ÖVP,AstraZeneca,Peter Hacker,Rudolf Anschober,Norbert Hofer,Christoph Grabenwarter,Günther Platter,Alexander Van der Bellen,Jair Bolsonaro"
2000117606120,"Intensivstation,COVID-19,Höchststand,Virus,Schiff,SARS-CoV-2,Wien,Tirol,Medizinische Universität Wien,Universität Innsbruck,BMG,Rudolf Anschober,Florian Thalhammer,Günter Weiss,Pamela Rendi-Wagner"
2000119846836,"Maskenpflicht,Skigebiet,COVID-19,Tagesüberblick,Neuinfektion,Hilfspaket,Corona-Krise,Drogen,Sommerschanigarten,Coronavirus,Quarantänezeit,Fahrrad,Auto,Frankreich,Österreich,Wien,Ljubljana,Austria,ÖBB,ÖVP,SPÖ,IAEO,Kronen Zeitung,BMG,Bundesregierung,RCA,Rudolf Anschober,Andrä Matthä,Sebastian Kurz,Renate Scheichelbauer-Schuster"
2000119873961,"Neuinfektion,COVID-19,Tagesüberblick,Coronavirus,Virus,Rekordwert,Nebenwirkung,Stadtführung,Bildungsbonus,Innsbruck,Österreich,Tschechien,Großbritannien,Wien,Deutschland,New York,Brasilien,Südafrika,EU,AstraZeneca,EU-Kommission,ÖVP,Innenministerium,FPÖ,Gernot Blümel,Rudolf Anschober,Günther Platter,Georg Willi,Andreas Schieder,Claudia Gamon,Thomas Waitz,Christine Aschbacher"
2000119926812,"Corona-Pandemie,Impfplan,Maskenpflicht,Teilnehmeranzahl,Verzögerung,Dienstleistungsbereich,Infektionszahl,Coronavirus,Gastronomie,Wien,Österreich,Frankreich,Steiermark,Schweiz,Jungferninseln,Tschechien,Graz,Linz,Kufstein,ÖVP,SPÖ,Bundesregierung,Sebastian Kurz,Michael Ludwig,Peter Hacker"
2000119959071,"Corona-Pandemie,GTI-Treffen,Verschärfung,Neuinfektion,Maskenpflicht,COVID-19,Tagesüberblick,Bäckerei,Reisewarnung,Coronavirus,Todesfall,Virus,Innenraum,Infektionszahl,Pharmakonzern,Evakuierung,Corona-Krise,Wien,Deutschland,Österreich,Brasilien,Mexiko,Tschechien,Frankreich,Niederösterreich,Großbritannien,USA,Vorarlberg,Tirol,Steiermark,Schweiz,Berlin,Graz,Kärnten,Sardinien,Oberösterreich,München,Spanien,Belgien,Kroatien,Bulgarien,Rumänien,Melbourne,Hagenbrunn,Korneuburg,AstraZeneca,BMG,APA,AA,WHO,Ö1,Freiwillige Feuerwehr,Caritas,SPÖ,EU,UN,Weltgesundheitsorganisation,Anthony Fauci,Ulrich Herzog,Rudolf Anschober,Rudi Anschober,Ulrike Königsberger-Ludwig,Donald Trump"
2000117671399,"Salzburger Festspiele,Öffnung,Sitzplatz,Gastronomie,Coronavirus,Vierergruppe,Outdoor,Todesfall,Österreich,Salzburg,Tschechien,Slowakei,Ungarn,Deutschland,Großbritannien,Deutsche Lufthansa,Bundesregierung,ÖVP,AUA,Andrea Mayer,Rudolf Anschober,Alexander Schallenberg"
2000119964770,"Coronavirus,Maskenpflicht,Kundenkontakt,Verordnung,Gastronomie,COVID-19,Getränke,Dienstleistung,Verschärfung,Apotheke,Outdoor,Rudolf Anschober"
2000117694963,"Coronavirus,COVID-19,Corona-Krise,Arbeitslosenzahl,Gastronomie,Untersuchungsausschuss,Outdoor,Österreich,Brasilien,USA,FPÖ,SPÖ,ÖVP,Bundeskanzleramt,Weltgesundheitsorganisation,Deutsche Lufthansa,Andrea Mayer,Donald Trump,Rudolf Anschober"
2000117721713,"Fitness,Urlaubsplanung,Freizeitgestaltung,Gastronomie,Outdoor,Auto,Krise,Griechenland,Kroatien,Italien,Österreich,Krisencorona"
2000117773115,"Maskenpflicht,Gastronomie,Infektion,Coronavirus,Apotheke,USA,Österreich,Tirol,Öffi,WHO,ÖVP,Weltgesundheitsorganisation,SPÖ,Ages Maut System,Donald Trump,Sebastian Kurz,Heinz Faßmann,Jan Krainer"
2000117799374,"Pfingsten,Maskenpflicht,Mindestabstand,COVID-19,Gastronomie,Kundenbereich,Apotheke,USA,Öffi,Tirol,WHO,ÖVP,Weltgesundheitsorganisation,Ages Maut System,Donald Trump,Heinz Faßmann"
2000117805283,"Hauptwohnsitz,Bundeshauptstadt,COVID-19,Coronavirus,Gastronomie,Apotheke,Wien,Österreich,Niederösterreich,Oberösterreich,Mistelbach,Spanien,USA,Öffi,El Pais,WHO,ÖVP,Rudolf Anschober,Pedro Sanchez,Donald Trump,Heinz Faßmann"
2000117813455,"Großlieferung,Coronavirus,COVID-19,Neuinfektion,SARS-CoV-2,Todesfall,Gastronomie,Österreich,Brasilien,USA,Niederösterreich,Wien,Oberösterreich,Mistelbach,Lateinamerika,Karibik,Spanien,El Pais,ÖVP,Rudolf Anschober,Pedro Sanchez,Heinz Faßmann"
2000117962214,"Demonstration,Mindestabstand,Maskenpflicht,Grundrecht,Coronavirus,Großdemo,Pandemieschutz,Wien,BMG,SPÖ,Rudolf Anschober,Gerhard Pürstl,Brigitte Hebein,Peter Hacker"
2000118058906,"Maskenpflicht,Lockerungsverordnung,Gastronomie,Coronavirus,Apotheke,Auto,Eigenverantwortung,Österreich,BMG,Rudolf Anschober"
